,real,prediction
0,18.721676,18.672432
1,18.986893,18.699612
2,18.450378,18.836447
3,19.31836,18.541515
4,19.17601,18.53689
5,19.226475,18.608814
6,19.918167,18.614113
7,19.287128,18.68343
8,18.790789,18.851334
9,19.710655,18.929855
10,19.022419,18.984718
11,18.977783,18.848852
12,18.660292,18.809181
13,19.675173,18.87562
14,18.846348,18.760456
15,18.708673,18.555872
16,18.517729,18.501694
17,18.828949,18.42311
18,19.223381,18.38259
19,18.926992,18.416151
20,19.405863,18.421566
21,18.65074,18.625017
22,18.704496,18.339464
23,19.256535,18.186365
24,19.018288,18.59933
25,19.441174,18.427635
26,19.829723,18.550402
27,19.335325,18.632181
28,19.406567,18.632118
29,18.800274,18.744219
30,18.670498,18.498022
31,18.718603,18.398209
32,21.055275,18.313572
33,19.606632,18.58378
34,19.763824,18.574587
35,20.195793,18.715324
36,20.412237,19.196604
37,19.355839,19.170452
38,19.417933,19.070812
39,19.14748,18.99759
40,19.619614,18.905052
41,20.35177,18.785667
42,19.197079,18.88647
43,18.43777,18.725344
44,19.66791,18.694353
45,20.502777,18.75819
46,19.806084,18.689476
47,20.281511,18.859291
48,19.60902,18.904373
49,20.113386,19.00228
50,20.352942,18.921856
51,19.48759,19.136478
52,19.546322,19.242926
53,19.508524,19.118774
54,18.938482,19.114033
55,20.411612,19.015074
56,19.526487,18.960178
57,20.171898,19.042587
58,20.45077,19.165539
59,19.888674,19.149178
60,19.853416,19.194681
61,20.35509,19.415216
62,20.27958,19.439602
63,20.849146,19.423065
64,20.165323,19.419802
65,19.926174,19.549967
66,19.90046,19.61519
67,19.974112,19.498117
68,20.253246,19.371164
69,20.009918,19.173965
70,20.186613,19.072836
71,20.184109,19.0097
72,19.779638,18.975641
73,19.36197,18.985785
74,19.57939,19.02999
75,19.633991,18.907675
76,18.28603,18.881054
77,19.359812,18.82327
78,19.121004,18.95078
79,18.671778,18.936096
80,19.455084,18.935637
81,19.573313,18.907751
82,19.241539,19.047512
83,19.99286,19.089922
84,19.6271,19.225815
85,20.068018,19.109173
86,20.246399,19.162125
87,19.223083,19.371284
88,20.627268,19.108696
89,20.257967,19.270353
90,19.910522,19.198233
91,19.854021,19.219915
92,20.417505,19.239326
93,19.816746,19.449821
94,17.969574,19.650482
95,16.178013,19.265308
96,19.575378,18.989029
97,18.1372,18.97408
98,20.193995,18.75675
99,19.018608,18.87163
100,18.498167,18.776613
101,18.655313,18.77542
102,19.378613,18.785606
103,18.577887,18.690058
104,19.973906,18.770058
105,19.512568,19.045588
106,19.909487,19.106728
107,19.86701,19.088152
108,19.007051,19.198517
109,18.846605,18.85795
110,18.31265,18.72178
111,19.359684,18.46123
112,19.120739,18.254053
113,18.821463,18.476406
114,18.03526,18.312038
115,18.451996,18.010323
116,18.35485,17.970282
117,18.353981,17.682817
118,18.696117,17.704674
119,18.256527,17.70821
120,17.76975,17.636591
121,18.501047,17.392862
122,18.57875,17.472866
123,18.286938,17.620153
124,19.368351,17.670954
125,18.31936,17.665707
126,18.280197,17.850124
127,17.38761,17.785568
128,17.977837,17.60358
129,17.775494,17.418085
130,18.41389,17.383938
131,17.963728,17.301743
132,17.918358,17.474691
133,17.86526,17.396881
134,16.701391,17.253593
135,16.48349,16.812052
136,17.470926,16.747124
137,17.074823,16.72543
138,17.967033,16.673422
139,17.378685,16.54054
140,18.464098,16.479042
141,17.557909,16.632896
142,17.513071,16.476969
143,17.457262,16.253222
144,16.25984,16.167593
145,17.515793,16.172983
146,19.302605,16.230583
147,17.763191,16.55054
148,16.553513,16.458075
149,18.080786,16.537228
150,17.92748,16.483543
151,18.629576,16.47345
152,17.636375,16.502058
153,17.652693,16.608986
154,17.775742,16.386694
155,17.548311,16.377346
156,17.690693,16.244772
157,17.513737,16.267902
158,17.593592,16.193283
159,17.48428,16.291338
160,18.077213,16.144098
161,17.911108,16.026087
162,17.73311,16.163584
163,17.586481,16.250671
164,16.911793,16.401834
165,17.623823,16.634262
166,16.980627,16.84569
167,18.103539,16.796103
168,18.593134,16.832932
169,17.271706,17.111727
170,17.383259,16.77475
171,17.419497,16.632278
172,18.742407,16.541311
173,17.57111,16.743351
174,17.645609,16.741629
175,17.94382,16.62778
176,17.338787,16.676779
177,17.167652,16.46452
178,17.218191,16.486895
179,17.023163,16.301292
180,17.03084,16.230392
181,17.446054,16.35126
182,17.64377,16.39436
183,17.486532,16.392399
184,18.022642,16.307894
185,18.60005,16.412748
186,19.003695,16.50481
187,17.118513,16.583502
188,17.951298,16.475685
189,16.338736,16.696392
190,17.39372,16.86646
191,18.498005,17.385218
192,18.031378,18.064196
193,17.699186,18.283766
194,17.665003,18.701212
195,17.209332,18.748844
196,18.029085,18.661732
197,18.419708,18.574644
198,17.981098,18.671413
199,17.109941,18.762691
200,18.328379,18.796495
201,18.037014,18.856997
202,18.114683,18.96386
203,18.265656,19.18202
204,19.055088,19.22256
205,19.08596,19.396578
206,19.294548,19.592133
207,19.410461,19.59334
208,18.1194,19.540781
209,18.219349,19.57643
210,18.655264,19.639624
211,18.672737,19.682987
212,18.245144,19.711481
213,18.575356,19.653584
214,18.639729,19.590042
215,18.829552,19.572277
216,18.200886,19.670769
217,17.57532,19.692438
218,18.575083,19.543388
219,17.088526,19.548191
220,16.21786,19.351114
221,16.693134,18.962387
222,18.670265,18.85081
223,17.704489,18.927662
224,17.515245,18.757732
225,18.598993,18.612528
226,18.157127,18.664139
227,18.253683,18.845636
228,17.876034,18.832027
229,18.249512,18.870361
230,17.803064,18.878809
231,17.553736,18.823034
232,17.963282,18.627207
233,17.334297,18.519114
234,17.569433,18.447487
235,17.52053,18.346565
236,17.684175,18.282103
237,17.217525,18.250633
238,17.360655,18.202293
239,16.200346,18.039349
240,17.058252,17.964115
241,17.201262,17.825605
242,16.319468,17.841803
243,17.189098,17.822989
244,16.969378,17.769753
245,16.213041,17.779495
246,16.976833,17.858822
247,16.36338,18.068802
248,16.82564,17.91366
249,16.510838,17.945168
250,16.256926,17.82505
251,15.91935,17.753788
252,15.974979,17.534534
253,17.21327,17.341913
254,15.473376,17.384127
255,16.304195,17.120863
256,16.169369,17.045355
257,15.824987,17.03165
258,15.811685,17.014168
259,16.329609,16.93909
260,16.410162,17.04155
261,16.687435,17.223072
262,16.505507,17.322048
263,16.48646,17.28725
264,16.349426,17.35025
265,15.91735,17.312443
266,16.700184,17.365854
267,15.75815,17.396507
268,16.689363,17.223423
269,15.857047,17.126629
270,16.732138,17.23903
271,17.045124,17.36837
272,16.85201,17.550102
273,16.988884,17.560701
274,18.398293,17.5843
275,17.973635,17.823044
276,18.448355,18.022367
277,18.359802,18.162985
278,18.944887,18.261679
279,18.173573,18.40909
280,18.071264,18.367538
281,18.138533,18.425762
282,17.95527,18.396305
283,18.335997,18.329351
284,18.010923,18.3496
285,18.20069,18.386604
286,17.974224,18.521696
287,17.680569,18.560707
288,18.013775,18.579874
289,18.210402,18.539268
290,17.951466,18.622519
291,18.02256,18.56283
292,17.522999,18.553453
293,17.833265,18.550781
294,17.777142,18.525295
295,17.491177,18.497835
296,17.792479,18.420553
297,17.38853,18.500935
298,18.734499,18.43404
299,18.062593,18.508738
300,17.7803,18.513779
301,17.917744,18.481703
302,17.50078,18.290474
303,17.3514,18.16289
304,17.179123,17.977444
305,16.966787,17.91838
306,16.206404,17.751078
307,16.624315,17.602991
308,17.513306,17.558933
309,16.933264,17.604023
310,17.50847,17.518272
311,17.146124,17.574724
312,16.375,17.54855
313,17.117815,17.557138
314,17.245977,17.64773
315,16.463566,17.625135
316,16.822851,17.689232
317,16.658047,17.578806
318,16.526445,17.478466
319,17.36211,17.325867
320,16.483572,17.323917
321,16.1568,17.118153
322,16.051188,16.915745
323,16.248178,16.882956
324,16.64506,16.720135
325,16.175476,16.576248
326,15.615101,16.608494
327,15.996954,16.523485
328,15.722113,16.453781
329,15.448015,16.1461
330,15.15531,16.158577
331,15.401412,16.01151
332,15.735355,16.027058
333,16.27477,16.139734
334,16.244247,16.365303
335,16.677431,16.342226
336,15.86146,16.407495
337,17.218496,16.545994
338,15.872977,16.763567
339,16.794455,16.73865
340,17.2969,16.708876
341,16.71134,16.83519
342,15.965608,16.784826
343,16.827436,16.468346
344,16.534447,16.342146
345,17.606236,16.516485
346,16.921717,16.65056
347,16.897837,16.418013
348,17.204628,16.547176
349,16.832405,16.51866
350,16.466747,16.585524
351,16.123833,16.602833
352,18.467543,16.648537
353,17.844072,16.716139
354,17.030636,16.790989
355,17.423508,16.901636
356,17.905495,16.89286
357,18.169868,16.803156
358,16.75099,16.900478
359,16.52969,16.771889
360,16.308474,16.604977
361,16.06803,16.451477
362,15.451199,16.324715
363,16.992735,16.110529
364,15.902324,16.417313
365,16.531794,16.299421
366,16.64973,16.441175
367,16.353405,16.526588
368,16.698372,16.570295
369,17.152288,16.60717
370,16.56196,16.784393
371,16.581026,16.729753
372,16.6101,16.731405
373,16.338417,16.794168
374,16.890944,16.850569
375,16.23035,16.744032
376,16.591547,16.661524
377,16.965214,16.586283
378,16.49348,16.62388
379,15.093465,16.577803
380,16.399124,16.582724
381,17.303373,16.543816
382,17.179892,16.588396
383,15.841497,16.66136
384,15.498812,16.490238
385,16.103807,16.188261
386,16.3453,16.119488
387,16.565186,16.144115
388,16.741781,16.074862
389,15.806724,15.95669
390,16.489918,15.900382
391,16.569454,16.004053
392,17.004549,16.383438
393,17.232975,16.64715
394,17.575605,16.797836
395,17.260704,16.739412
396,17.557423,16.788506
397,16.846292,16.867884
398,16.79595,16.79785
399,17.083912,16.810078
400,16.759022,16.841482
401,16.4738,16.854197
402,17.014097,16.809881
403,17.005745,16.818546
404,16.35047,16.639462
405,16.509445,16.470617
406,16.991678,16.435717
407,17.257898,16.362226
408,16.687193,16.388895
409,17.186087,16.140842
410,17.062185,15.997342
411,17.16637,16.101995
412,17.335127,16.028353
413,16.268766,16.192995
414,17.883968,15.931711
415,15.789908,15.822779
416,17.26835,15.746715
417,16.714478,15.989027
418,16.832943,15.854862
419,17.51131,15.80811
420,18.263926,15.854577
421,17.51749,15.983163
422,16.903187,15.823282
423,17.795286,15.759274
424,17.78058,15.939642
425,17.141226,16.07522
426,17.33053,16.270939
427,17.204735,16.448212
428,17.742487,16.663086
429,17.862904,16.74094
430,17.54236,16.868109
431,16.654478,16.79632
432,16.534061,16.767122
433,16.03303,16.48503
434,16.423754,16.39301
435,17.386927,16.311743
436,17.5474,16.411627
437,17.185154,16.566109
438,17.258423,16.573456
439,17.830156,16.744015
440,17.64408,16.951311
441,17.296806,16.861673
442,17.864658,16.928589
443,17.808481,17.041346
444,17.934797,17.184061
445,17.661266,17.27252
446,17.249994,17.270304
447,18.41836,17.072054
448,17.60082,17.119379
449,17.363716,17.212336
450,17.442284,17.159384
451,16.766163,17.110632
452,17.316751,16.98781
453,17.311333,16.782557
454,17.303913,16.664549
455,16.745577,16.636147
456,16.679783,16.455486
457,16.919157,16.42036
458,17.433645,16.335365
459,16.700697,16.017708
460,17.703033,15.922399
461,16.653627,16.188786
462,16.534145,16.030785
463,16.96854,15.793343
464,17.38054,15.781602
465,17.65761,15.654732
466,16.820261,15.879371
467,15.92574,15.881397
468,15.998967,15.779747
469,17.00277,15.620949
470,15.839337,15.688046
471,17.676775,15.764578
472,16.574192,15.857692
473,16.044022,15.911763
474,17.328281,15.770784
475,16.721918,15.893694
476,15.697649,15.779556
477,16.345284,15.752388
478,16.504671,15.755994
479,16.906933,15.762593
480,17.191435,15.763723
481,15.734416,15.77872
482,15.878435,15.672071
483,17.049349,15.711729
484,16.348211,15.764531
485,16.907913,15.85215
486,16.874046,15.86233
487,16.32733,15.979327
488,16.093807,16.112831
489,16.750608,16.204128
490,16.603891,16.236963
491,17.043488,16.132774
492,17.323557,16.187054
493,16.840572,16.262669
494,18.523985,16.520433
495,18.444927,16.555506
496,17.213037,16.786518
497,16.676468,16.774323
498,17.4125,16.88468
499,17.8128,16.684946
500,17.74204,16.536182
501,16.990376,16.233574
502,17.577398,16.173243
503,17.358067,16.19102
504,17.627218,16.093634
505,18.280397,16.118639
506,18.860044,16.168491
507,19.510187,16.2084
508,19.413836,16.418335
509,17.278893,16.590462
510,17.182142,16.9175
511,18.072199,17.043398
512,18.713806,16.90895
513,18.546879,17.022434
514,18.37362,17.197008
515,17.829906,17.236452
516,17.834267,17.250946
517,17.5988,17.091713
518,18.041346,17.047943
519,17.801695,17.126125
520,17.723347,16.866879
521,18.425806,16.885588
522,18.354996,17.055725
523,18.131289,17.206644
524,18.437973,17.210943
525,22.582602,17.25827
526,16.98078,19.022203
527,15.902117,18.124336
528,16.350588,17.340015
529,17.36172,17.00214
530,18.003471,16.986935
531,18.36405,17.337578
532,19.139797,17.241346
533,18.94346,17.228188
534,18.663784,17.37533
535,18.71116,17.408333
536,19.158756,17.275433
537,19.349024,17.593227
538,19.535017,17.779398
539,20.269577,17.928843
540,19.600264,18.116438
541,20.105673,18.123302
542,20.397058,18.285055
543,19.909582,18.350542
544,20.079096,18.39558
545,18.31603,18.356022
546,19.277159,18.138664
547,18.794516,17.90398
548,18.17222,17.584131
549,19.554605,17.503725
550,19.04795,17.747248
551,18.686909,17.359179
552,18.282824,17.17547
553,17.801037,17.145742
554,20.211058,16.919825
555,19.439844,17.557158
556,19.627827,17.369833
557,19.552393,17.403803
558,19.811089,17.439117
559,21.369106,17.530521
560,19.180935,17.852621
561,20.184309,17.788757
562,23.288406,18.250748
563,20.65245,18.768024
564,19.190042,18.896156
565,21.599203,18.700356
566,21.31425,18.809765
567,20.511902,19.170277
568,21.302446,19.326065
569,22.882154,19.185537
570,22.070723,19.462414
571,21.312119,19.463678
572,22.59378,19.339277
573,24.058401,19.573973
574,21.761528,19.718561
575,21.094921,19.944227
576,23.361143,20.036036
577,20.928247,20.267206
578,20.736162,20.301992
579,20.813591,21.132044
580,20.34928,21.141655
581,20.752563,20.88584
582,20.816223,20.664778
583,20.692976,20.529493
584,21.12549,20.465076
585,20.68155,20.483482
586,20.678377,20.555748
587,21.65577,20.67861
588,20.379768,20.75416
589,22.201942,20.71364
590,21.639202,20.785036
591,21.095676,20.8145
592,21.953978,20.810913
593,20.641674,20.862179
594,21.524645,20.836771
595,22.335033,20.888014
596,21.965313,21.067194
597,21.714188,21.12999
598,21.99089,21.139376
599,22.238956,21.195145
600,21.6668,21.245544
601,21.051796,21.247393
602,21.806568,21.237726
603,21.689224,21.177088
604,20.317965,20.991774
605,19.303719,20.79867
606,21.852146,20.65053
607,23.05405,20.806486
608,22.58357,20.988367
609,22.099842,21.072063
610,23.401434,21.199034
611,23.022665,21.379843
612,23.376461,21.561895
613,21.56986,21.533981
614,23.052094,21.26824
615,23.427643,21.192518
616,23.378172,21.066744
617,19.014637,21.060347
618,19.537062,20.543747
619,19.224087,19.99531
620,19.47275,19.559189
621,19.670519,19.29495
622,19.00814,19.158194
623,19.427038,18.967516
624,19.56422,19.116156
625,19.360907,19.117107
626,19.040638,19.184801
627,19.239126,19.05743
628,20.167164,18.95619
629,20.109842,19.158092
630,19.294846,19.238352
631,18.554169,19.137756
632,17.738699,18.836594
633,19.117695,18.75057
634,18.423073,18.932203
635,18.631365,18.864122
636,19.041445,18.842783
637,19.160942,18.810472
638,19.336742,19.01235
639,19.172169,19.164227
640,20.22744,19.265282
641,19.809034,19.548435
642,18.917433,19.576206
643,19.877863,19.286406
644,20.688143,19.451763
645,20.421524,19.734116
646,20.617567,19.771986
647,21.241695,19.957052
648,19.159208,20.292162
649,20.901724,20.21172
650,19.401375,20.453121
651,20.159128,20.287512
652,17.504288,20.089947
653,19.044102,19.587387
654,20.07186,19.461607
655,20.214037,19.591003
656,18.734932,19.559134
657,19.018456,19.394318
658,19.135326,19.214235
659,19.659441,19.21701
660,19.925457,19.143188
661,19.741798,19.060244
662,21.400536,19.092419
663,21.626724,19.37257
664,20.697433,19.513937
665,21.016834,19.413305
666,21.585657,19.53588
667,21.378149,19.748047
668,21.0028,19.697134
669,21.406704,19.57801
670,20.949505,19.381546
671,21.071375,19.298506
672,21.357042,19.200869
673,20.501417,19.211779
674,20.516544,19.100931
675,20.843718,18.984686
676,20.335295,18.978271
677,19.965221,18.869118
678,21.762287,18.787464
679,19.164448,19.129108
680,20.223883,19.17272
681,19.96791,19.467989
682,19.63749,19.620138
683,19.063587,19.640633
684,19.536293,19.544598
685,19.400223,19.554987
686,19.400682,19.540846
687,19.128672,19.546293
688,18.736996,19.429169
689,19.434843,19.332159
690,19.937922,19.358091
691,19.321365,19.407698
692,19.799934,19.300264
693,19.250116,19.411087
694,19.350912,19.439476
695,19.604813,19.213839
696,20.79374,19.15789
697,20.505878,19.381023
698,21.005722,19.508297
699,21.993837,19.621433
700,21.684536,19.805744
701,21.35496,19.922667
702,21.307407,20.043056
703,21.462915,20.122381
704,21.486588,20.259048
705,21.479305,20.467527
706,20.538198,20.481049
707,20.50405,20.40465
708,22.401423,20.26591
709,22.939432,20.365536
710,22.033958,20.495644
711,22.369623,20.393114
712,22.038282,20.407227
713,23.383749,20.46385
714,24.252827,20.598003
715,22.545362,20.864655
716,20.648323,20.947077
717,23.110418,20.783155
718,23.620975,20.89064
719,23.312992,20.947218
720,23.658924,20.92502
721,23.347713,21.02064
722,22.823156,21.095757
723,23.334635,21.090631
724,23.104925,21.140862
725,23.237707,21.203653
726,22.768555,21.17768
727,22.77055,21.104492
728,21.035414,20.943913
729,20.325966,20.618292
730,22.402826,20.152584
731,22.102644,20.13571
732,20.387863,20.327488
733,22.299852,20.228512
734,21.371048,20.526432
735,21.742582,20.722569
736,20.492195,20.847918
737,21.108232,20.686213
738,20.620054,20.62158
739,19.863401,20.487963
740,21.079317,20.253979
741,20.571898,20.286459
742,21.00236,20.191578
743,20.708214,20.1632
744,24.200983,20.110096
745,24.180145,20.315481
746,24.274134,20.447567
747,23.45024,20.611933
748,22.997032,20.613075
749,22.866013,20.655132
750,23.41231,20.612263
751,23.671267,20.700003
752,23.30042,20.738867
753,22.41703,20.726044
754,23.358643,20.650183
755,23.43364,20.695036
756,22.451216,20.700258
757,22.152864,20.665161
758,22.281027,20.601696
759,22.11702,20.686426
760,22.484604,20.679417
761,22.269033,20.642681
762,23.003923,20.622627
763,23.423435,20.612146
764,23.97411,20.600815
765,18.006645,20.723312
766,19.655533,20.001879
767,18.644173,20.007902
768,17.467888,19.573147
769,19.261923,18.68643
770,19.663364,18.291983
771,18.673693,17.964773
772,19.1642,17.750784
773,20.490265,17.465855
774,21.81207,17.625513
775,20.90778,18.012827
776,20.244421,18.138817
777,20.218153,18.09936
778,21.198452,18.61262
779,20.962572,18.588047
780,20.895538,18.501923
781,20.85552,18.519337
782,20.599451,18.504898
783,20.620283,18.544258
784,19.114935,18.488335
785,18.74958,18.368372
786,18.982622,18.275198
787,19.140429,18.342684
788,19.747683,18.22581
789,19.603626,18.250109
790,19.43868,18.150991
791,20.817081,18.12725
792,19.648922,18.245789
793,19.800034,18.110851
794,20.080723,18.132263
795,20.125797,18.212502
796,23.746098,18.219324
797,22.44502,18.804808
798,22.915045,19.14934
799,21.874765,19.428991
800,22.133287,19.464695
801,22.083216,19.414297
802,21.728743,19.583012
803,20.448942,19.539148
804,20.711344,19.366692
805,23.901802,19.282068
806,23.460531,19.64977
807,22.88642,19.958174
808,22.950281,20.181505
809,21.639118,20.534164
810,22.854813,20.50125
811,22.491114,20.562243
812,24.613882,20.661856
813,24.03447,21.011494
814,22.67052,21.140013
815,23.096085,21.158226
816,24.042982,21.181396
817,23.489132,21.261902
818,23.141947,21.260437
819,23.577606,21.27709
820,23.45041,21.22316
821,23.2883,21.212936
822,22.368584,21.155256
823,22.958603,21.105122
824,22.692158,21.159771
825,22.238188,21.102987
826,22.954296,21.025608
827,22.74618,20.892725
828,22.461403,20.890528
829,23.168732,20.842096
830,22.995487,20.764153
831,23.337223,20.71313
832,23.402569,20.639975
833,23.470036,20.694054
834,22.650581,20.66229
835,23.722971,20.520515
836,23.23512,20.639118
837,22.605766,20.544075
838,21.771563,20.51219
839,22.852728,20.431633
840,22.802095,20.439512
841,22.684755,20.348951
842,22.243938,20.362892
843,23.062387,20.22161
844,22.471603,20.241693
845,21.640837,20.129683
846,22.182432,19.966497
847,22.230349,20.05013
848,23.289469,20.106169
849,23.934551,20.296154
850,23.652382,20.403664
851,22.331335,20.567533
852,23.561037,20.558062
853,23.413454,20.597769
854,22.682077,20.637829
855,23.011843,20.677134
856,23.215206,20.578695
857,23.612635,20.554688
858,24.050077,20.466927
859,21.85688,20.482958
860,22.939394,20.529572
861,23.711756,20.5827
862,22.468678,20.545935
863,23.163443,20.465975
864,22.680487,20.422419
865,22.253891,20.31238
866,23.038744,20.287127
867,22.871906,20.214056
868,21.621582,20.306875
869,21.427603,20.137249
870,23.286222,19.944618
871,23.0202,20.002676
872,23.15474,19.922434
873,23.500893,20.027702
874,23.941586,20.086157
875,23.583317,20.184343
876,23.62883,20.260925
877,21.901495,20.327314
878,22.479086,20.115973
879,22.559303,19.945042
880,22.198805,20.047161
881,23.823233,20.07057
882,23.859045,20.044588
883,22.218,20.133184
884,23.38924,20.20244
885,23.581564,20.336395
886,23.429195,20.448061
887,23.975262,20.574806
888,23.52564,20.758318
889,23.621264,20.919899
890,22.970253,20.861568
891,22.528921,20.772572
892,22.503664,20.65515
893,22.333252,20.554714
894,20.797144,20.5139
895,20.849722,20.32957
896,20.305847,19.989452
897,21.457176,19.741026
898,20.004162,19.476395
899,20.309559,19.546566
900,20.134766,19.349848
901,20.255884,19.231627
902,20.257383,19.13441
903,20.42997,18.893333
904,20.439709,18.863806
905,20.700453,18.75856
906,20.572248,18.84914
907,21.062275,18.99391
908,22.52792,19.030087
909,22.775864,19.354567
910,23.50043,19.597494
911,22.668592,19.74939
912,22.836357,19.864618
913,23.096449,19.890623
914,23.286566,20.144133
915,23.231682,20.37207
916,22.93537,20.47449
917,21.498024,20.521816
918,22.428545,20.4958
919,21.180431,20.548248
920,21.688944,20.451893
921,21.98954,20.412764
922,22.248632,20.482754
923,21.715498,20.486687
924,22.740772,20.409702
925,22.092787,20.45891
926,22.452593,20.457478
927,22.225197,20.424793
928,22.779856,20.529707
929,22.434341,20.472458
930,21.414965,20.437094
931,21.689524,20.40598
932,21.531784,20.40303
933,21.262545,20.267824
934,22.705423,20.222128
935,21.704842,20.209682
936,21.833036,20.140682
937,21.734257,20.173431
938,21.556631,20.126514
939,22.693184,20.199396
940,22.873636,20.156214
941,22.35983,20.131292
942,22.177208,20.199772
943,22.310839,20.277796
944,22.491922,20.21684
945,21.686138,20.255665
946,21.821112,20.260618
947,21.904457,20.26475
948,21.87199,20.199083
949,21.885468,20.173553
950,21.990923,20.165894
951,20.555927,20.0841
952,21.497063,19.758368
953,22.48451,19.483759
954,21.871695,19.459518
955,22.528769,19.437262
956,22.06729,19.638126
957,22.611876,19.617256
958,22.361217,19.738808
959,21.115732,19.845963
960,23.74627,19.591022
961,23.264647,20.07074
962,22.990816,20.611174
963,21.174309,20.748941
964,22.021414,20.557358
965,21.088432,20.455818
966,22.723297,20.310043
967,22.307228,20.320702
968,22.518831,20.368858
969,22.919554,20.375183
970,21.734802,20.406961
971,22.308231,20.398174
972,22.300875,20.35363
973,22.116554,20.290771
974,22.133018,20.363121
975,22.10233,20.354164
976,22.678837,20.488266
977,23.55627,20.485785
978,22.41462,20.576162
979,22.454304,20.608614
980,22.241943,20.602024
981,21.973503,20.608192
982,21.908194,20.624603
983,21.95829,20.615948
984,22.273914,20.530241
985,23.033634,20.489937
986,22.658077,20.468828
987,22.743906,20.5091
988,23.838781,20.486763
989,23.449749,20.54685
990,24.056276,20.703102
991,23.008825,20.895563
992,22.748013,20.951696
993,22.572895,20.91581
994,23.376194,20.814632
995,23.1877,20.933731
996,23.327002,21.043428
997,21.793652,21.135002
998,23.049797,21.11995
999,22.594273,21.178812
1000,22.41621,21.13325
1001,22.823145,21.111927
1002,22.945724,21.112736
1003,23.665451,21.164557
1004,22.48185,21.243484
1005,22.695917,21.257639
1006,23.420225,21.22717
1007,22.76566,21.281374
1008,23.16395,21.276905
1009,22.927673,21.362885
1010,22.741785,21.334408
1011,22.748005,21.33237
1012,23.974049,21.32969
1013,22.220213,21.285624
1014,23.183336,21.281963
1015,22.323921,21.276438
1016,22.816105,21.304657
1017,21.958652,21.344257
1018,22.231543,21.321985
1019,20.394115,21.357517
1020,21.251442,21.14619
1021,19.991173,21.029833
1022,21.537447,20.698889
1023,20.91895,20.707508
1024,20.949718,20.597021
1025,21.441374,20.506298
1026,22.094107,20.483213
1027,22.307524,20.51671
1028,21.559069,20.86254
1029,21.139914,20.895508
1030,21.220558,20.893057
1031,21.425388,20.842224
1032,21.578196,20.82647
1033,21.369745,20.776968
1034,20.794662,20.701511
1035,20.291239,20.76303
1036,19.961576,20.593493
1037,21.065372,20.471952
1038,21.477764,20.518953
1039,21.54431,20.65609
1040,21.880634,20.771421
1041,22.04644,20.91422
1042,21.329395,21.04217
1043,21.54671,21.051455
1044,21.894085,21.09575
1045,20.576817,21.095343
1046,20.928658,20.891659
1047,20.384785,20.874538
1048,21.086142,20.682877
1049,22.076536,20.546795
1050,21.822958,20.673162
1051,21.768915,20.85053
1052,21.085142,20.943409
1053,21.142061,20.837824
1054,22.306265,20.609335
1055,22.585384,20.862457
1056,22.338327,20.971336
1057,21.541145,20.99166
1058,22.145723,21.032291
1059,21.855637,21.0483
1060,21.208317,21.086613
1061,20.968588,21.075432
1062,22.218042,20.991644
1063,22.41484,20.981327
1064,22.252108,21.047571
1065,21.849052,21.067497
1066,20.468649,21.111631
1067,20.910654,20.863716
1068,20.78124,20.79024
1069,20.74648,20.740606
1070,20.328568,20.513626
1071,20.692322,20.3454
1072,21.797394,20.142168
1073,22.236643,20.235527
1074,22.033512,20.579346
1075,22.25389,20.856142
1076,21.705801,20.981213
1077,22.98575,21.037128
1078,22.036592,21.176798
1079,22.312603,21.04323
1080,22.672918,21.100502
1081,22.028223,21.077322
1082,22.798225,21.05628
1083,21.592491,21.076763
1084,21.86005,20.912537
1085,22.453648,20.724325
1086,23.32731,20.539412
1087,23.464676,20.655334
1088,21.913631,20.686611
1089,22.854624,20.598475
1090,22.275738,20.810894
1091,22.466717,20.74172
1092,22.418835,20.782297
1093,22.236727,20.797668
1094,22.192263,20.724321
1095,22.11618,20.708084
1096,22.977924,20.752598
1097,22.708487,20.796806
1098,21.7121,20.77822
1099,23.230696,20.8904
1100,22.93299,20.871689
1101,23.016293,20.821463
1102,22.994133,20.881392
1103,22.741728,20.938982
1104,22.803295,20.934618
1105,23.511646,20.929758
1106,22.355204,20.934366
1107,23.61609,20.932661
1108,22.9069,21.001453
1109,22.814312,21.05137
1110,22.268452,21.135084
1111,22.012249,21.078678
1112,22.6058,21.026354
1113,22.262472,21.043304
1114,21.908697,21.09094
1115,22.197224,21.081396
1116,22.065992,21.09359
1117,22.003859,20.98672
1118,22.254313,20.864286
1119,22.208403,20.824028
1120,20.796047,20.89404
1121,19.717222,20.839758
1122,19.665028,20.61255
1123,20.298048,20.299074
1124,17.804573,20.252111
1125,17.961578,19.887886
1126,18.189096,19.256712
1127,18.331095,18.841593
1128,18.450565,18.72542
1129,18.661907,18.663383
1130,18.831247,18.556856
1131,18.610344,18.528543
1132,18.788492,18.50513
1133,18.901722,18.565258
1134,18.70233,18.698849
1135,17.698856,18.685188
1136,16.886284,18.508142
1137,16.97471,18.339304
1138,17.62741,18.195812
1139,18.11414,18.169352
1140,17.439522,18.07486
1141,16.815018,17.955456
1142,18.143255,17.92036
1143,17.608809,17.994719
1144,18.673958,17.985947
1145,18.706285,18.120518
1146,18.150312,18.132223
1147,17.997116,18.110783
1148,18.574541,18.079424
1149,17.878502,18.121906
1150,18.657623,18.155312
1151,18.269571,18.301973
1152,18.142502,18.274612
1153,18.023672,18.224688
1154,17.593884,18.229761
1155,18.00355,18.232285
1156,18.458986,18.224735
1157,18.171959,18.301342
1158,18.556437,18.257061
1159,18.160238,18.324345
1160,17.549774,18.182184
1161,18.216177,18.009382
1162,18.642843,18.084715
1163,17.586044,18.158497
1164,16.933344,18.176208
1165,17.29452,18.146612
1166,16.459553,18.175306
1167,17.102419,18.100037
1168,17.652962,18.141283
1169,18.732721,18.164057
1170,18.180674,18.155752
1171,18.513573,18.22209
1172,17.995127,18.29066
1173,18.316828,18.350128
1174,17.856007,18.437336
1175,18.100689,18.445208
1176,18.984629,18.533695
1177,19.557417,18.656338
1178,17.563318,18.798344
1179,18.899614,18.599632
1180,18.366947,18.765715
1181,18.564058,18.73752
1182,18.541279,18.788696
1183,18.878105,18.722532
1184,21.113258,18.685484
1185,19.085693,19.066706
1186,18.240726,19.025496
1187,18.55737,18.831913
1188,19.082405,18.8495
1189,19.877737,18.907574
1190,19.702099,19.075857
1191,19.579311,19.0998
1192,19.428364,19.101212
1193,18.309792,19.091753
1194,18.847076,18.936132
1195,18.740124,18.962473
1196,19.22697,18.963175
1197,17.733065,18.92234
1198,18.37241,18.712572
1199,18.537592,18.774136
1200,18.574753,18.685438
1201,18.66188,18.619808
1202,18.367102,18.612043
1203,18.68963,18.545567
1204,19.082436,18.62219
1205,18.915257,18.582123
1206,18.953722,18.649035
1207,17.168879,18.597055
1208,18.542831,18.3992
1209,18.36236,18.420551
1210,19.15768,18.364887
1211,19.585413,18.516058
1212,17.827024,18.603508
1213,18.175873,18.381163
1214,18.938313,18.577614
1215,18.52471,18.70512
1216,18.92444,18.689117
1217,18.672726,18.65434
1218,19.664991,18.83611
1219,18.044037,18.922375
1220,19.114828,18.694696
1221,18.815691,18.716908
1222,20.011446,18.68611
1223,19.464874,18.772728
1224,19.742733,18.674284
1225,19.595726,18.739779
1226,19.5055,18.89891
1227,19.362816,18.968243
1228,19.429564,18.891188
1229,19.501259,18.881876
1230,20.142189,18.87336
1231,19.433084,18.861374
1232,19.440361,18.835457
1233,18.836079,18.754824
1234,18.013647,18.720348
1235,18.78802,18.508295
1236,18.868681,18.582247
1237,19.04197,18.601717
1238,17.032448,18.633598
1239,16.879583,18.261227
1240,17.780678,18.096397
1241,18.279758,18.138378
1242,18.7332,18.248457
1243,19.676296,18.364386
1244,19.859982,18.570135
1245,19.977942,18.634592
1246,19.58256,18.73482
1247,19.674547,18.77596
1248,19.249443,18.874907
1249,19.464693,18.922842
1250,19.170383,18.89134
1251,19.297985,18.865608
1252,19.210003,18.80893
1253,17.842703,18.648357
1254,18.771646,18.443436
1255,19.712116,18.642567
1256,18.521318,18.758606
1257,17.332325,18.617565
1258,18.09715,18.471909
1259,18.365128,18.530691
1260,18.28903,18.642553
1261,18.973537,18.70802
1262,19.17382,18.814896
1263,18.93855,18.955858
1264,20.200478,19.08341
1265,19.304342,19.15051
1266,19.219707,18.979162
1267,18.803629,18.92325
1268,19.077667,18.981974
1269,19.050907,18.98471
1270,19.165995,18.95956
1271,19.009174,18.906343
1272,19.386547,18.931467
1273,18.962257,18.911182
1274,18.775494,18.861506
1275,17.503366,18.742662
1276,18.973072,18.519554
1277,19.287699,18.515331
1278,18.84925,18.505478
1279,20.352516,18.540426
1280,20.190493,18.857525
1281,19.805763,19.062536
1282,20.921057,19.159151
1283,19.925158,19.6172
1284,20.39426,19.608913
1285,21.225512,19.794588
1286,20.898653,20.123438
1287,20.599709,20.302505
1288,19.980942,20.183659
1289,20.080109,19.995197
1290,20.128687,19.91642
1291,19.7692,19.861189
1292,19.880974,19.772589
1293,19.811558,19.680601
1294,19.998981,19.648033
1295,20.175093,19.566637
1296,19.810656,19.488483
1297,19.733875,19.384712
1298,18.716373,19.359169
1299,19.816677,19.229488
1300,18.877846,19.299835
1301,20.377504,19.28177
1302,20.72514,19.473686
1303,20.456898,19.660526
1304,20.136595,19.73263
1305,19.37228,19.808382
1306,18.667068,19.826746
1307,19.419243,19.791796
1308,19.845667,19.825275
1309,20.632063,19.81101
1310,20.558514,19.894165
1311,20.53297,19.942894
1312,20.459658,19.868555
1313,20.538532,19.876686
1314,20.134947,19.87132
1315,20.413364,19.83022
1316,20.145237,19.919006
1317,20.983124,20.011845
1318,22.62179,20.121477
1319,19.581701,20.467033
1320,19.706854,20.41411
1321,20.298498,20.20179
1322,19.755278,20.231806
1323,20.338364,20.231846
1324,21.293518,20.430037
1325,19.871721,20.706703
1326,20.51174,20.57403
1327,20.322493,20.701347
1328,20.322617,20.820433
1329,20.765535,20.838226
1330,20.45051,20.850782
1331,20.152468,20.758354
1332,19.71891,20.620913
1333,19.775463,20.4041
1334,20.244959,20.17332
1335,20.831003,20.232916
1336,20.86441,20.40816
1337,19.8639,20.429382
1338,20.986664,20.379053
1339,20.10958,20.541515
1340,20.588865,20.547335
1341,19.661657,20.659967
1342,20.510708,20.612703
1343,20.663774,20.54427
1344,21.138634,20.65707
1345,20.72539,20.748579
1346,20.23947,20.679838
1347,19.401966,20.588196
1348,20.427448,20.488995
1349,20.342133,20.536943
1350,20.286306,20.310032
1351,20.220436,20.188128
1352,20.50643,20.000372
1353,20.077307,20.013687
1354,20.405811,19.894701
1355,20.022076,19.982311
1356,20.336573,19.904554
1357,20.190802,20.071835
1358,20.35968,20.09863
1359,19.407827,20.218353
1360,19.878237,20.167347
1361,19.971563,20.153145
1362,18.998138,20.211235
1363,19.624508,19.967598
1364,19.531576,19.929483
1365,19.675644,19.952244
1366,19.548496,19.883322
1367,20.35771,19.884739
1368,20.236137,20.068361
1369,20.656458,20.295364
1370,20.371498,20.457329
1371,19.959124,20.492956
1372,19.692612,20.513214
1373,19.913876,20.40504
1374,20.637682,20.359003
1375,19.677752,20.389341
1376,20.116335,20.2446
1377,20.973618,20.182337
1378,20.634796,20.3336
1379,20.09535,20.266493
1380,19.715023,20.26902
1381,19.831814,20.10395
1382,19.82729,20.075142
1383,19.628962,19.975685
1384,18.63099,19.815218
1385,18.84375,19.475807
1386,19.271997,19.285181
1387,19.0104,19.238068
1388,19.382353,19.18183
1389,19.819483,19.290394
1390,20.221746,19.321358
1391,20.071918,19.472425
1392,20.512445,19.61099
1393,20.533905,19.756477
1394,20.900686,19.830563
1395,19.578074,19.998423
1396,19.17997,19.895697
1397,19.5013,19.664417
1398,19.489954,19.490023
1399,18.800764,19.408115
1400,19.190308,19.22219
1401,19.17499,19.08029
1402,18.69402,18.917608
1403,18.756144,18.680761
1404,17.797665,18.677643
1405,18.051668,18.479334
1406,18.92236,18.286097
1407,17.708849,18.342815
1408,17.444107,18.284266
1409,17.943615,18.23984
1410,17.683077,18.23859
1411,18.217916,18.067331
1412,18.973728,18.24367
1413,19.244402,18.454437
1414,18.193146,18.721554
1415,18.27981,18.65301
1416,19.187086,18.713789
1417,19.841867,19.044086
1418,18.300274,19.138353
1419,18.458715,18.952993
1420,18.842672,18.757832
1421,18.966146,18.807417
1422,18.54934,18.789959
1423,19.088219,18.78727
1424,21.429024,18.816267
1425,19.472507,19.159184
1426,19.523272,19.055202
1427,18.945414,18.99267
1428,19.477386,18.87845
1429,19.186415,18.940094
1430,20.701149,18.806767
1431,19.390322,19.04521
1432,19.143145,19.000196
1433,19.248,18.953693
1434,19.861609,18.831118
1435,20.052616,19.083935
1436,21.275513,19.3028
1437,21.858322,19.61519
1438,22.472353,20.104586
1439,21.509693,20.662191
1440,19.686598,20.894651
1441,19.374443,20.674923
1442,21.459663,20.531921
1443,20.83126,20.654196
1444,20.60175,20.558989
1445,20.720783,20.448
1446,20.324299,20.332129
1447,20.455797,20.202492
1448,20.656343,20.123343
1449,20.722643,20.05974
1450,20.926975,20.168055
1451,21.06149,20.205816
1452,21.212534,20.273249
1453,20.726732,20.34612
1454,20.704409,20.339064
1455,21.019419,20.479692
1456,19.837551,20.640814
1457,20.422733,20.520473
1458,19.625158,20.573017
1459,21.25025,20.360504
1460,19.361526,20.477352
1461,19.74966,20.397636
1462,19.729412,20.129707
1463,18.872824,20.090757
1464,20.231565,19.960337
1465,20.611988,20.1082
1466,21.14508,20.20449
1467,19.007578,20.382784
1468,19.077444,20.051401
1469,20.606474,19.94877
1470,20.370964,20.063711
1471,19.577038,20.040995
1472,19.869276,19.906391
1473,20.054323,19.993748
1474,20.502613,20.104946
1475,20.857983,20.264694
1476,20.045994,20.450907
1477,20.01849,20.499613
1478,19.830069,20.4802
1479,19.760792,20.436768
1480,20.046804,20.317013
1481,19.678469,20.12545
1482,20.132486,20.02564
1483,19.62664,20.11829
1484,20.387213,19.9748
1485,19.73435,20.13388
1486,19.923952,20.085266
1487,19.888563,19.963758
1488,19.8898,20.10191
1489,20.432236,20.114294
1490,19.856974,20.195736
1491,20.103226,20.199732
1492,19.772257,20.200111
1493,20.218737,19.999588
1494,19.888401,20.098759
1495,19.924444,20.118948
1496,19.83101,20.053072
1497,19.516218,20.124573
1498,19.737955,20.148252
1499,20.074245,20.228336
1500,19.208675,20.222437
1501,19.728718,20.05672
1502,19.977503,20.00603
1503,20.02988,20.120441
1504,19.4329,20.14325
1505,19.534937,20.09982
1506,19.469326,20.020327
1507,19.126192,19.955288
1508,19.60369,19.870815
1509,21.339695,19.993666
1510,20.618214,20.33086
1511,16.595184,20.26437
1512,19.194464,19.705767
1513,19.366535,19.568174
1514,20.125355,19.555132
1515,19.293564,19.55491
1516,19.644186,19.384068
1517,19.498404,19.454025
1518,19.199322,19.49226
1519,19.340303,19.474194
1520,19.080952,19.503906
1521,19.318613,19.480791
1522,19.396526,19.391201
1523,19.829714,19.387087
1524,19.092615,19.398264
1525,19.016657,19.439468
1526,18.782759,19.315489
1527,19.25615,19.244457
1528,17.149632,19.333204
1529,19.328377,19.031506
1530,19.270195,19.219345
1531,21.005753,19.308775
1532,22.214521,19.776556
1533,23.08519,20.220009
1534,22.20517,20.598898
1535,20.921108,20.632624
1536,20.475533,20.395664
1537,21.511028,20.335724
1538,20.936544,20.373466
1539,21.740686,20.366617
1540,21.395792,20.457632
1541,21.63675,20.379835
1542,21.982012,20.399132
1543,21.218012,20.430695
1544,22.1511,20.384796
1545,22.753252,20.620403
1546,22.009565,20.782015
1547,21.847258,20.79707
1548,22.270079,20.791803
1549,22.523098,20.889074
1550,22.027775,20.923292
1551,22.371378,20.956274
1552,21.592402,21.20919
1553,19.894262,21.168835
1554,18.556507,20.989845
1555,18.815723,20.374998
1556,21.771,20.002752
1557,20.459028,20.036625
1558,20.67281,19.924751
1559,21.137264,19.933924
1560,20.52033,20.094395
1561,20.640558,20.182125
1562,20.560534,20.395119
1563,20.837307,20.648502
1564,20.93128,20.634422
1565,20.614466,20.611958
1566,20.151432,20.365368
1567,19.228962,20.054607
1568,19.460047,19.712988
1569,19.879889,19.674849
1570,20.929209,19.743422
1571,19.468489,20.032429
1572,20.846815,20.073318
1573,20.733953,20.22656
1574,21.106472,20.34089
1575,19.847832,20.561224
1576,19.577621,20.528303
1577,19.543587,20.467422
1578,20.726526,20.362555
1579,20.488811,20.57357
1580,19.865915,20.595268
1581,20.049177,20.505192
1582,19.801851,20.488462
1583,19.891054,20.290867
1584,19.910803,20.119904
1585,20.648695,19.99885
1586,19.930185,20.106565
1587,20.155703,20.153175
1588,20.423777,20.189917
1589,19.62482,20.247776
1590,19.795597,20.101957
1591,20.35462,19.999882
1592,19.699535,19.965948
1593,20.985422,19.867584
1594,19.14032,19.919996
1595,19.678354,19.721354
1596,19.413757,19.59417
1597,20.746565,19.547598
1598,19.451185,19.76813
1599,19.308578,19.8996
1600,20.069794,19.976807
1601,19.452494,20.05254
1602,19.40777,20.15667
1603,18.53318,20.279728
1604,19.950666,20.31063
1605,19.059177,20.359848
1606,19.136301,20.281404
1607,19.711632,20.342712
1608,20.382557,20.474482
1609,20.13119,20.546751
1610,19.304892,20.546225
1611,20.84713,20.531282
1612,22.194996,20.750656
1613,20.250053,21.041643
1614,19.803595,21.045992
1615,19.165016,20.981728
1616,19.459423,20.81071
1617,18.938902,20.73779
1618,18.766539,20.410341
1619,18.746935,20.142422
1620,20.190454,19.975382
1621,19.433947,19.972029
1622,20.450085,19.962881
1623,20.179564,20.188189
1624,17.714905,20.39725
1625,21.141998,20.223013
1626,18.983074,20.686481
1627,18.55557,20.625887
1628,19.163292,20.470715
1629,18.451258,20.254549
1630,18.872978,20.015486
1631,20.011572,19.977541
1632,19.92636,20.155317
1633,19.219213,20.239397
1634,19.15123,20.252861
1635,18.762411,20.117504
1636,20.096241,19.993664
1637,19.465666,19.992617
1638,19.313726,19.974752
1639,18.961716,19.899258
1640,19.62905,19.830631
1641,19.564676,19.970703
1642,18.135872,19.975883
1643,19.13718,19.85289
1644,21.185698,19.9314
1645,19.157701,20.22715
1646,19.393162,20.049122
1647,19.45825,19.997423
1648,18.583374,19.996384
1649,19.77167,19.82068
1650,19.051617,19.999043
1651,19.949162,20.066738
1652,19.63798,20.26865
1653,19.636452,20.355318
1654,20.48728,20.501648
1655,20.06142,20.671728
1656,20.497272,20.717892
1657,19.63015,20.83963
1658,20.080616,20.772516
1659,19.567497,20.798607
1660,20.783382,20.708239
1661,20.812637,20.730259
1662,20.327862,20.874851
1663,20.48601,20.809513
1664,20.70199,20.871622
1665,20.540356,21.024717
1666,21.247082,21.090574
1667,19.676605,21.140078
1668,21.225025,21.010002
1669,18.632257,21.033451
1670,21.32691,20.677197
1671,21.168413,20.760523
1672,21.162127,20.809942
1673,21.27412,20.901768
1674,20.622175,20.979897
1675,20.320621,20.95845
1676,20.65231,20.871008
1677,20.463785,20.844618
1678,20.527025,20.727144
1679,19.670128,20.778767
1680,21.092451,20.579933
1681,21.31653,20.670773
1682,20.55196,20.77216
1683,19.87718,20.734293
1684,20.19974,20.651367
1685,19.820192,20.621748
1686,20.160572,20.512796
1687,21.177774,20.491528
1688,19.660112,20.62037
1689,21.059752,20.537598
1690,20.524506,20.650732
1691,19.454453,20.646473
1692,20.303148,20.487106
1693,19.538887,20.545465
1694,20.2281,20.57871
1695,20.992926,20.632233
1696,19.818516,20.792297
1697,18.80878,20.732643
1698,21.597424,20.552887
1699,21.501354,20.777298
1700,19.395521,21.01129
1701,23.051315,20.971884
1702,19.948782,21.182198
1703,19.367743,21.107084
1704,18.157497,21.013351
1705,18.944681,20.768557
1706,19.18938,20.554113
1707,19.396618,20.44001
1708,20.579184,20.227644
1709,20.379251,20.436707
1710,20.424643,20.334478
1711,20.999638,20.322025
1712,20.178219,20.436365
1713,20.841637,20.453375
1714,20.919825,20.535757
1715,20.477068,20.574825
1716,20.232159,20.460466
1717,20.466452,20.360014
1718,20.67287,20.363495
1719,19.162891,20.357641
1720,19.47954,20.199331
1721,20.966957,20.127094
1722,20.97847,20.533106
1723,21.822104,20.891752
1724,22.188576,21.155142
1725,18.054247,21.33003
1726,19.212248,21.128899
1727,19.71948,21.001482
1728,20.844496,20.900976
1729,19.987528,20.953266
1730,20.395142,20.847385
1731,20.175457,20.756203
1732,21.386868,20.775898
1733,19.015837,20.897755
1734,18.730186,20.518847
1735,19.44012,20.287004
1736,20.459295,20.13551
1737,19.694286,20.233686
1738,20.705599,20.054205
1739,19.684626,20.203192
1740,19.159004,20.313065
1741,20.262829,20.125647
1742,17.82556,20.09466
1743,18.533777,19.67057
1744,19.47851,19.531792
1745,19.500591,19.766766
1746,19.930367,19.949257
1747,18.365477,20.060545
1748,19.079063,19.81877
1749,17.532372,19.799807
1750,17.449253,19.538084
1751,21.196234,19.248028
1752,19.542107,19.818647
1753,19.313114,19.777964
1754,18.826788,19.877214
1755,18.60786,19.878855
1756,19.56695,19.783016
1757,19.080618,19.959658
1758,19.544168,19.892414
1759,18.370308,19.942835
1760,18.041367,19.734283
1761,18.946728,19.508718
1762,18.183208,19.567701
1763,18.568205,19.3734
1764,16.419565,19.257557
1765,16.894215,18.780758
1766,17.193819,18.716719
1767,17.330719,18.556625
1768,18.411125,18.625263
1769,17.909536,18.702154
1770,18.006805,18.802711
1771,16.859283,18.863548
1772,16.733278,18.671507
1773,17.011492,18.491756
1774,19.232319,18.523195
1775,18.30724,18.756777
1776,17.879135,18.731085
1777,17.482096,18.694664
1778,17.009638,18.710192
1779,16.34153,18.487549
1780,16.157305,18.372063
1781,19.045189,18.125446
1782,19.348772,18.747505
1783,22.900812,18.957596
1784,22.266108,19.695786
1785,22.847841,20.097883
1786,22.523201,20.405203
1787,22.292093,20.6902
1788,22.281948,20.863377
1789,21.804573,21.222422
1790,21.943602,21.339088
1791,21.181875,21.42505
1792,21.437569,21.360825
1793,20.399734,21.383528
1794,21.796673,21.359028
1795,21.782751,21.344458
1796,21.930052,21.290823
1797,22.66321,21.295696
1798,21.651365,21.37176
1799,19.870935,21.34981
1800,20.4796,21.14176
1801,20.947727,20.994764
1802,21.177946,21.040493
1803,20.933361,21.110186
1804,20.46885,21.040916
1805,21.126417,20.783567
1806,21.662815,20.710756
1807,21.571306,20.508268
1808,21.507761,20.454702
1809,21.242554,20.469427
1810,21.449833,20.451866
1811,20.924425,20.504877
1812,20.751144,20.459131
1813,21.035091,20.437077
1814,21.136885,20.46143
1815,21.179106,20.503576
1816,21.562006,20.548624
1817,21.37953,20.60545
1818,21.050787,20.576086
1819,20.864372,20.519861
1820,20.762798,20.478464
1821,20.95693,20.495495
1822,20.795527,20.492249
1823,20.371244,20.464119
1824,20.953606,20.419603
1825,20.571054,20.430456
1826,21.129229,20.45481
1827,21.760864,20.510256
1828,21.031395,20.62338
1829,21.679186,20.574697
1830,21.716078,20.583954
1831,21.168179,20.620764
1832,21.257217,20.524107
1833,21.072985,20.428318
1834,21.317057,20.459425
1835,20.54369,20.39214
1836,20.210188,20.234936
1837,21.038263,20.112661
1838,21.222263,20.20457
1839,20.170746,20.28432
1840,20.257662,20.239468
1841,20.341288,20.26052
1842,21.094236,20.232048
1843,20.725395,20.273106
1844,20.871832,20.234652
1845,21.523655,20.21359
1846,20.8322,20.228924
1847,21.026901,20.135977
1848,20.037088,20.118382
1849,20.430378,20.047333
1850,19.598139,20.030193
1851,19.84688,19.861055
1852,19.46452,19.810484
1853,18.717213,19.702223
1854,19.022285,19.504328
1855,18.700245,19.428677
1856,19.15193,19.33573
1857,18.670185,19.297068
1858,19.52469,19.393854
1859,19.192835,19.433586
1860,18.847984,19.397324
1861,19.13934,19.308437
1862,17.656786,19.336378
1863,18.242006,19.086748
1864,18.211294,18.934494
1865,18.098375,18.803982
1866,18.38733,18.742563
1867,19.958357,19.100613
1868,19.132444,19.322126
1869,19.68507,19.212461
1870,19.95199,19.19569
1871,19.690264,19.232769
1872,19.048822,19.20592
1873,17.238176,19.08749
1874,18.785025,18.767616
1875,18.931576,18.758457
1876,19.694548,18.737896
1877,19.709633,18.884317
1878,18.645525,19.014397
1879,19.729244,18.974056
1880,19.745823,19.123156
1881,19.843563,19.223133
1882,19.419958,19.320368
1883,18.981567,19.232016
1884,18.937965,19.157549
1885,19.452347,19.166512
1886,19.727882,19.282423
1887,19.91864,19.403553
1888,20.072224,19.52786
1889,19.844875,19.553486
1890,20.177643,19.540932
1891,20.022055,19.647148
1892,19.4383,19.678522
1893,19.26114,19.54785
1894,18.941761,19.444363
1895,19.43929,19.245592
1896,18.940601,19.264008
1897,19.024132,19.167994
1898,18.672184,19.11406
1899,19.134277,18.941357
1900,19.062546,19.026442
1901,19.763458,19.095037
1902,19.513407,19.277384
1903,19.194757,19.457928
1904,19.847246,19.483278
1905,19.486158,19.547712
1906,19.705185,19.546732
1907,19.833654,19.531752
1908,19.779743,19.561983
1909,19.30829,19.587364
1910,18.898638,19.504667
1911,19.377779,19.341589
1912,19.446934,19.359324
1913,19.819012,19.359324
1914,19.650293,19.379232
1915,19.968283,19.40478
1916,19.620577,19.492191
1917,19.892548,19.511131
1918,19.512506,19.532158
1919,19.597403,19.59119
1920,19.42344,19.567976
1921,19.301176,19.502474
1922,19.464573,19.473204
1923,19.302876,19.493664
1924,19.724167,19.502165
1925,18.914097,19.602287
1926,20.719452,19.569662
1927,18.717836,19.740122
1928,21.53943,19.462666
1929,18.562216,19.765055
1930,19.1706,19.537718
1931,19.095806,19.436554
1932,19.712687,19.415878
1933,20.520353,19.54565
1934,19.93118,19.703768
1935,20.515488,19.777
1936,21.083048,19.876738
1937,20.925203,20.025023
1938,19.059168,20.062305
1939,21.968582,19.818104
1940,20.14874,19.988356
1941,20.13762,19.977297
1942,20.29501,19.99924
1943,20.217787,19.935274
1944,21.34153,19.987177
1945,20.07292,20.004768
1946,18.608418,19.944178
1947,20.199518,19.592157
1948,20.161613,19.804426
1949,18.735094,19.835367
1950,19.77048,19.690828
1951,20.323372,19.804379
1952,20.076176,20.075613
1953,19.762354,20.025816
1954,19.866737,20.078629
1955,20.238874,20.12673
1956,20.668497,20.180351
1957,20.488022,20.061056
1958,20.678179,20.097057
1959,20.658833,20.030302
1960,20.76008,19.965439
1961,20.366215,19.91558
1962,20.43882,19.789953
1963,20.250874,19.690731
1964,19.659594,19.751879
1965,20.447071,19.647877
1966,20.208813,19.678072
1967,19.880447,19.727673
1968,20.18902,19.790304
1969,19.673815,19.78245
1970,19.90147,19.716698
1971,20.289127,19.744766
1972,20.182594,19.805656
1973,19.720146,19.864372
1974,20.516619,19.811478
1975,20.449179,19.959902
1976,19.365646,20.074701
1977,19.988945,19.88401
1978,20.74519,20.042368
1979,20.061605,20.067074
1980,19.562859,20.02051
1981,19.875755,19.93713
1982,19.60069,19.920523
1983,20.532612,19.898064
1984,20.25069,20.044956
1985,20.286222,20.031942
1986,20.02007,20.231474
1987,20.389519,20.139723
1988,20.739523,20.23872
1989,20.736277,20.388157
1990,20.419575,20.438824
1991,19.515167,20.398645
1992,20.322357,20.333086
1993,19.380758,20.201721
1994,20.26525,20.034958
1995,20.088352,20.122995
1996,19.471352,20.09513
1997,21.855326,19.804367
1998,20.33345,20.002996
1999,18.982294,19.864504
2000,19.042908,19.680044
2001,19.422472,19.616518
2002,19.07558,19.620913
2003,19.604708,19.451742
2004,18.634008,19.5076
2005,21.187277,19.352818
2006,19.892136,19.58095
2007,19.541216,19.536499
2008,18.87269,19.526695
2009,19.181223,19.405369
2010,18.723434,19.346798
2011,18.912405,19.304083
2012,18.993034,19.17396
2013,19.999027,19.273886
2014,18.70535,19.406712
2015,18.130692,19.192774
2016,20.275948,18.942287
2017,20.742886,19.18382
2018,19.97979,19.324598
2019,19.035957,19.239365
2020,18.02397,19.080086
2021,18.819046,18.877558
2022,19.216682,19.027576
2023,19.577682,19.104725
2024,18.545109,19.211468
2025,19.922739,19.243864
2026,20.745535,19.48133
2027,19.89134,19.767061
2028,20.695398,19.934277
2029,21.004038,20.142109
2030,21.02393,20.264194
2031,21.541277,20.342466
2032,22.800177,20.479637
2033,21.46737,20.625807
2034,21.426136,20.591682
2035,21.33426,20.462908
2036,21.446648,20.464796
2037,20.02888,20.371698
2038,21.014225,20.269583
2039,20.944273,20.26916
2040,19.260689,20.23011
2041,21.089203,19.967617
2042,20.96074,20.09147
2043,20.657011,20.10011
2044,21.116144,20.045092
2045,21.338457,20.103458
2046,21.407425,20.210806
2047,22.60586,20.28318
2048,22.02601,20.42275
2049,22.316101,20.481255
2050,22.304052,20.582113
2051,21.879171,20.65331
2052,21.934095,20.643074
2053,21.976015,20.607851
2054,21.596882,20.595337
2055,21.3927,20.548801
2056,21.121187,20.511822
2057,21.228521,20.483398
2058,21.88742,20.54682
2059,21.25361,20.663807
2060,21.610222,20.641731
2061,21.088425,20.588165
2062,20.777796,20.562801
2063,20.76767,20.479235
2064,19.777214,20.372568
2065,20.928118,20.18786
2066,20.840261,20.244595
2067,19.959684,20.251522
2068,20.038912,20.108591
2069,19.198734,19.902233
2070,19.436531,19.756525
2071,19.563118,19.570135
2072,19.965776,19.454832
2073,18.598299,19.451435
2074,18.171385,18.906614
2075,17.919018,18.643845
2076,17.951052,18.430475
2077,17.610441,18.294441
2078,19.44186,18.31876
2079,18.078909,18.574907
2080,17.656923,18.560787
2081,17.187279,18.493252
2082,18.071901,18.465508
2083,18.119791,18.569761
2084,18.579,18.567768
2085,18.280243,18.654245
2086,18.440702,18.652847
2087,19.099327,18.697742
2088,19.268549,18.760658
2089,18.718203,18.954018
2090,18.118979,18.893595
2091,18.267174,18.859127
2092,19.647623,18.936419
2093,18.657913,18.974485
2094,18.453903,18.925089
2095,18.57265,18.864838
2096,18.542982,18.79778
2097,17.956488,18.758797
2098,17.48105,18.62726
2099,19.231346,18.575825
2100,18.151136,18.623636
2101,18.596062,18.546957
2102,19.020472,18.63901
2103,18.21215,18.75844
2104,17.936203,18.711489
2105,18.798937,18.546465
2106,18.846138,18.69036
2107,17.72786,18.743795
2108,18.722776,18.738113
2109,18.541075,18.826323
2110,18.391857,18.963032
2111,17.356176,18.935965
2112,18.718887,18.813278
2113,17.807344,18.846283
2114,18.512146,18.736593
2115,18.437904,18.802876
2116,19.169655,18.734364
2117,17.392982,18.858374
2118,17.383518,18.638004
2119,18.96827,18.590527
2120,18.53084,18.712063
2121,18.563663,18.739193
2122,19.086575,18.795937
2123,18.537264,18.89978
2124,19.10254,18.926647
2125,19.499832,18.866402
2126,18.905895,18.903486
2127,18.48369,18.891397
2128,19.686953,18.826262
2129,18.473057,18.858934
2130,18.359957,18.775185
2131,18.85546,18.745958
2132,18.35405,18.742052
2133,17.76196,18.817938
2134,18.477821,18.690134
2135,18.354649,18.721313
2136,19.095816,18.74561
2137,19.306469,18.870995
2138,18.42382,18.911541
2139,18.576258,18.894918
2140,17.723398,18.844704
2141,18.243254,18.785738
2142,18.406765,18.79928
2143,18.496845,18.862385
2144,18.276709,18.910643
2145,17.61228,18.928513
2146,17.951012,18.775003
2147,17.566046,18.668064
2148,18.263908,18.591051
2149,17.939564,18.546318
2150,22.229654,18.66138
2151,21.615673,19.520065
2152,22.114355,20.11368
2153,22.287354,20.502882
2154,21.770872,20.75155
2155,21.971786,20.884428
2156,23.41064,21.061749
2157,23.179426,21.294874
2158,23.310617,21.508642
2159,23.443888,21.66155
2160,21.499947,21.703356
2161,22.811316,21.685606
2162,23.511154,21.693037
2163,22.883747,21.71609
2164,23.48546,21.69294
2165,23.221325,21.716173
2166,22.29646,21.698519
2167,22.61024,21.666393
2168,22.516447,21.659956
2169,22.650148,21.660196
2170,22.778946,21.653738
2171,22.24356,21.67319
2172,22.764637,21.655632
2173,23.377028,21.64466
2174,22.540976,21.67208
2175,22.238916,21.670807
2176,21.459402,21.618832
2177,21.454102,21.574455
2178,20.865345,21.42956
2179,20.981098,21.341028
2180,21.035608,21.107342
2181,19.620125,21.023136
2182,19.85141,20.721798
2183,20.434853,20.408848
2184,21.603817,20.54999
2185,21.386745,20.692394
2186,20.281574,20.652977
2187,19.680048,20.535746
2188,19.038292,20.267822
2189,20.430313,20.019653
2190,21.032429,19.994982
2191,19.893404,20.045073
2192,19.087729,19.928574
2193,19.393124,19.665413
2194,20.69476,19.403212
2195,19.567286,19.704584
2196,19.822504,19.593624
2197,19.868391,19.673576
2198,20.453592,19.76383
2199,20.148287,19.914227
2200,18.79201,19.933945
2201,20.060263,19.701841
2202,19.109995,19.828709
2203,18.591616,19.55699
2204,18.480354,19.258818
2205,18.585558,19.077963
2206,18.345095,19.080544
2207,18.788816,18.931126
2208,19.191847,18.947718
2209,18.953901,18.91615
2210,18.528923,18.959244
2211,16.304241,18.977045
2212,17.591652,18.682268
2213,17.066378,18.703583
2214,18.268677,18.630749
2215,18.76676,18.677525
2216,19.6144,18.772549
2217,20.205238,19.101286
2218,19.1438,19.347143
2219,19.404678,19.399422
2220,19.960592,19.430885
2221,19.978014,19.549704
2222,20.233385,19.638391
2223,19.941198,19.789513
2224,19.31978,19.631613
2225,19.032001,19.626463
2226,19.391779,19.446941
2227,18.91427,19.495165
2228,19.014738,19.358767
2229,19.181664,19.219213
2230,19.549728,19.195793
2231,19.69132,19.234816
2232,18.64383,19.39541
2233,18.969557,19.229496
2234,19.431673,19.193754
2235,19.734728,19.324059
2236,20.553898,19.573757
2237,21.578903,19.836145
2238,20.526829,20.145926
2239,21.27156,20.259018
2240,20.259083,20.372335
2241,19.686296,20.391874
2242,20.973085,20.193365
2243,21.858284,20.296238
2244,23.127598,20.377104
2245,21.609716,20.641485
2246,23.67628,20.666754
2247,24.370474,20.684595
2248,23.827953,20.975695
2249,24.316319,21.136889
2250,23.11599,21.270536
2251,23.456161,21.310635
2252,24.599117,21.434845
2253,24.622103,21.51813
2254,24.180021,21.475319
2255,23.047129,21.491337
2256,24.51249,21.465914
2257,23.618513,21.41407
2258,23.556662,21.407957
2259,22.67433,21.396002
2260,23.430656,21.31649
2261,23.87083,21.363523
2262,23.673424,21.450634
2263,22.987732,21.434599
2264,23.13905,21.29733
2265,24.32635,21.294615
2266,23.830723,21.298418
2267,22.716564,21.258524
2268,22.95782,21.224945
2269,21.671488,21.159286
2270,22.770042,20.966719
2271,22.5014,20.892866
2272,22.701246,20.69718
2273,21.547436,20.480595
2274,21.258606,20.402607
2275,21.125929,20.254356
2276,20.949415,20.19455
2277,20.436337,20.118296
2278,21.64924,19.872677
2279,20.917051,19.943977
2280,21.525707,19.840244
2281,21.893087,19.798851
2282,20.75053,19.804802
2283,22.107277,19.785763
2284,21.936573,20.02967
2285,23.247004,20.05068
2286,22.626497,20.250673
2287,22.693731,20.339008
2288,23.108143,20.44129
2289,22.195343,20.49338
2290,22.282879,20.42275
2291,21.562386,20.424828
2292,22.577772,20.354628
2293,22.916393,20.307974
2294,23.04531,20.3278
2295,22.413849,20.387062
2296,22.397573,20.397295
2297,23.186375,20.468733
2298,22.899195,20.465906
2299,22.572727,20.455544
2300,22.120863,20.439419
2301,21.531673,20.332893
2302,21.778717,20.412008
2303,21.523333,20.421896
2304,21.83627,20.394997
2305,21.955679,20.41245
2306,21.321049,20.43147
2307,21.630806,20.464539
2308,22.126102,20.42816
2309,24.300188,20.22076
2310,19.407293,20.536232
2311,17.976347,20.28762
2312,18.397436,19.777514
2313,20.111197,19.083857
2314,19.236837,18.612703
2315,18.59288,18.464766
2316,19.296959,18.165466
2317,19.582306,17.796532
2318,19.843424,17.589636
2319,19.298502,17.626371
2320,19.61435,17.550333
2321,18.837082,17.510927
2322,19.17209,17.485706
2323,19.875036,17.554974
2324,20.595127,17.61402
2325,20.556137,17.822075
2326,20.84077,17.93712
2327,20.451036,18.26236
2328,20.395094,18.416536
2329,20.817879,18.345068
2330,20.491743,18.491924
2331,20.59412,18.461618
2332,20.758266,18.370575
2333,20.123512,18.44927
2334,20.64864,18.428675
2335,20.941635,18.427845
2336,20.765434,18.494627
2337,20.628351,18.4863
2338,19.224848,18.44327
2339,19.100124,18.303411
2340,21.553196,18.272406
2341,19.663994,18.445957
2342,18.766132,18.279715
2343,18.73961,18.242277
2344,19.193682,18.22039
2345,19.812716,18.245281
2346,19.591267,18.31373
2347,20.012217,18.353884
2348,19.601328,18.291004
2349,19.564754,18.16759
2350,20.243261,18.088339
2351,21.925741,18.257032
2352,22.797026,18.463118
2353,22.458153,18.647495
2354,21.14471,18.965008
2355,22.807283,19.33871
2356,21.71264,19.60066
2357,22.872934,19.643808
2358,23.345272,19.751446
2359,23.481468,19.99732
2360,22.353806,20.316938
2361,21.764786,20.553928
2362,22.186832,20.485373
2363,23.098581,20.586779
2364,23.288927,20.735561
2365,24.043829,20.842379
2366,23.919561,20.976152
2367,24.740452,21.072567
2368,24.438734,21.198145
2369,24.271881,21.18125
2370,23.917824,21.242517
2371,24.379623,21.27426
2372,24.202621,21.333403
2373,22.435928,21.342478
2374,21.279135,21.303316
2375,22.203484,21.176613
2376,21.605762,21.134773
2377,22.590052,21.017084
2378,22.477335,21.053083
2379,22.591667,21.093245
2380,20.888683,21.113737
